[
    {
        "title": "Le Petit Prince",
        "author": "Antoine de Saint-Exupéry",
        "publication_year": 1943,
        "page_count": 96,
        "country": "France",
        "language": "FR",
        "rental_price": 1,
        "isbn": "978-2-07-061275-8",
        "is_available": true,
        "wikipedia_url": "https://fr.wikipedia.org/wiki/Le_Petit_Prince"
    },
    {
        "title": "1984",
        "author": "George Orwell",
        "publication_year": 1949,
        "page_count": 328,
        "country": "United Kingdom",
        "language": "EN",
        "rental_price": 1,
        "isbn": "978-0-451-52493-5",
        "is_available": false,
        "wikipedia_url": "https://en.wikipedia.org/wiki/Nineteen_Eighty-Four"
    },
    {
        "title": "Harry Potter and the Philosopher's Stone",
        "author": "J.K. Rowling",
        "publication_year": 1997,
        "page_count": 304,
        "country": "United Kingdom",
        "language": "EN",
        "rental_price": 1,
        "isbn": "978-2-07-051851-3",
        "is_available": true,
        "wikipedia_url": "https://en.wikipedia.org/wiki/Harry_Potter_and_the_Philosopher%27s_Stone"
    },
    {
        "title": "Bel-Ami",
        "author": "Guy de Maupassant",
        "publication_year": 1885,
        "page_count": 384,
        "country": "France",
        "language": "FR",
        "rental_price": 2,
        "isbn": "978-2-07-036822-6",
        "is_available": true,
        "wikipedia_url": "https://fr.wikipedia.org/wiki/Bel-Ami"
    },
    {
        "title": "Les Misérables",
        "author": "Victor Hugo",
        "publication_year": 1862,
        "page_count": 1463,
        "country": "France",
        "language": "FR",
        "rental_price": 2,
        "isbn": "978-2-253-00598-0",
        "is_available": true,
        "wikipedia_url": "https://fr.wikipedia.org/wiki/Les_Misérables"
    },
    {
        "title": "The Lord of the Rings",
        "author": "J.R.R. Tolkien",
        "publication_year": 1954,
        "page_count": 1200,
        "country": "United Kingdom",
        "language": "EN",
        "rental_price": 1,
        "isbn": "978-2-266-18285-1",
        "is_available": true,
        "wikipedia_url": "https://en.wikipedia.org/wiki/The_Lord_of_the_Rings"
    },
    {
        "title": "The Da Vinci Code",
        "author": "Dan Brown",
        "publication_year": 2003,
        "page_count": 689,
        "country": "United States",
        "language": "EN",
        "rental_price": 1,
        "isbn": "978-2-266-15490-2",
        "is_available": false,
        "wikipedia_url": "https://en.wikipedia.org/wiki/The_Da_Vinci_Code"
    },
    {
        "title": "Pride and Prejudice",
        "author": "Jane Austen",
        "publication_year": 1813,
        "page_count": 408,
        "country": "United Kingdom",
        "language": "EN",
        "rental_price": 5,
        "isbn": "978-0-14-143951-8",
        "is_available": true,
        "wikipedia_url": "https://en.wikipedia.org/wiki/Pride_and_Prejudice"
    },
    {
        "title": "The Hobbit",
        "author": "J.R.R. Tolkien",
        "publication_year": 1937,
        "page_count": 310,
        "country": "United Kingdom",
        "language": "EN",
        "rental_price": 2,
        "isbn": "978-2-266-18286-8",
        "is_available": true,
        "wikipedia_url": "https://en.wikipedia.org/wiki/The_Hobbit"
    },
    {
        "title": "The Three Musketeers",
        "author": "Alexandre Dumas",
        "publication_year": 1844,
        "page_count": 704,
        "country": "France",
        "language": "FR",
        "rental_price": 2,
        "isbn": "978-2-07-040073-5",
        "is_available": false,
        "wikipedia_url": "https://en.wikipedia.org/wiki/The_Three_Musketeers"
    },
    {
        "title": "The Count of Monte Cristo",
        "author": "Alexandre Dumas",
        "publication_year": 1844,
        "page_count": 1056,
        "country": "France",
        "language": "FR",
        "rental_price": 2,
        "isbn": "978-2-07-036823-3",
        "is_available": true,
        "wikipedia_url": "https://en.wikipedia.org/wiki/The_Count_of_Monte_Cristo"
    },
    {
        "title": "Boule de Suif",
        "author": "Guy de Maupassant",
        "publication_year": 1880,
        "page_count": 120,
        "country": "France",
        "language": "FR",
        "rental_price": 2,
        "isbn": "978-2-07-036824-0",
        "is_available": true,
        "wikipedia_url": "https://fr.wikipedia.org/wiki/Boule_de_Suif"
    },
    {
        "title": "Les Fleurs du Mal",
        "author": "Charles Baudelaire",
        "publication_year": 1857,
        "page_count": 256,
        "country": "France",
        "language": "FR",
        "rental_price": 5,
        "isbn": "978-2-08-121099-0",
        "is_available": false,
        "wikipedia_url": "https://fr.wikipedia.org/wiki/Les_Fleurs_du_mal"
    },
    {
        "title": "Madame Bovary",
        "author": "Gustave Flaubert",
        "publication_year": 1857,
        "page_count": 432,
        "country": "France",
        "language": "FR",
        "rental_price": 5,
        "isbn": "978-2-07-040074-2",
        "is_available": true,
        "wikipedia_url": "https://fr.wikipedia.org/wiki/Madame_Bovary"
    },
    {
        "title": "The Grapes of Wrath",
        "author": "John Steinbeck",
        "publication_year": 1939,
        "page_count": 546,
        "country": "United States",
        "language": "EN",
        "rental_price": 1,
        "isbn": "978-2-07-036825-7",
        "is_available": true,
        "wikipedia_url": "https://en.wikipedia.org/wiki/The_Grapes_of_Wrath"
    },
    {
        "title": "Twenty Thousand Leagues Under the Seas",
        "author": "Jules Verne",
        "publication_year": 1870,
        "page_count": 464,
        "country": "France",
        "language": "FR",
        "rental_price": 2,
        "isbn": "978-2-07-058482-1",
        "is_available": false,
        "wikipedia_url": "https://en.wikipedia.org/wiki/Twenty_Thousand_Leagues_Under_the_Seas"
    },
    {
        "title": "Les Fourmis",
        "author": "Bernard Werber",
        "publication_year": 1991,
        "page_count": 350,
        "country": "France",
        "language": "FR",
        "rental_price": 1,
        "isbn": "978-2-226-06111-7",
        "is_available": true,
        "wikipedia_url": "https://fr.wikipedia.org/wiki/Les_Fourmis_(roman)"
    },
    {
        "title": "Perfume: The Story of a Murderer",
        "author": "Patrick Süskind",
        "publication_year": 1985,
        "page_count": 368,
        "country": "Germany",
        "language": "DE",
        "rental_price": 1,
        "isbn": "978-2-253-06850-3",
        "is_available": true,
        "wikipedia_url": "https://en.wikipedia.org/wiki/Perfume_(novel)"
    },
    {
        "title": "The Stranger",
        "author": "Albert Camus",
        "publication_year": 1942,
        "page_count": 158,
        "country": "France",
        "language": "FR",
        "rental_price": 1,
        "isbn": "978-2-07-036006-0",
        "is_available": false,
        "wikipedia_url": "https://en.wikipedia.org/wiki/The_Stranger_(novel)"
    },
    {
        "title": "The Red and the Black",
        "author": "Stendhal",
        "publication_year": 1830,
        "page_count": 384,
        "country": "France",
        "language": "FR",
        "rental_price": 5,
        "isbn": "978-2-07-036826-4",
        "is_available": true,
        "wikipedia_url": "https://en.wikipedia.org/wiki/The_Red_and_the_Black"
    },
    {
        "title": "Germinal",
        "author": "Émile Zola",
        "publication_year": 1885,
        "page_count": 576,
        "country": "France",
        "language": "FR",
        "rental_price": 2,
        "isbn": "978-2-07-036827-1",
        "is_available": false,
        "wikipedia_url": "https://fr.wikipedia.org/wiki/Germinal_(roman)"
    },
    {
        "title": "The Pillars of the Earth",
        "author": "Ken Follett",
        "publication_year": 1989,
        "page_count": 1000,
        "country": "United Kingdom",
        "language": "EN",
        "rental_price": 1,
        "isbn": "978-2-253-06330-0",
        "is_available": true,
        "wikipedia_url": "https://en.wikipedia.org/wiki/The_Pillars_of_the_Earth"
    },
    {
        "title": "The Plague",
        "author": "Albert Camus",
        "publication_year": 1947,
        "page_count": 352,
        "country": "France",
        "language": "FR",
        "rental_price": 1,
        "isbn": "978-2-07-036828-8",
        "is_available": true,
        "wikipedia_url": "https://en.wikipedia.org/wiki/The_Plague"
    },
    {
        "title": "The Name of the Rose",
        "author": "Umberto Eco",
        "publication_year": 1980,
        "page_count": 512,
        "country": "Italy",
        "language": "IT",
        "rental_price": 1,
        "isbn": "978-2-07-036829-5",
        "is_available": false,
        "wikipedia_url": "https://en.wikipedia.org/wiki/The_Name_of_the_Rose"
    },
    {
        "title": "Don Quixote",
        "author": "Miguel de Cervantes",
        "publication_year": 1605,
        "page_count": 863,
        "country": "Spain",
        "language": "ES",
        "rental_price": 5,
        "isbn": "978-84-376-0494-7",
        "is_available": true,
        "wikipedia_url": "https://en.wikipedia.org/wiki/Don_Quixote"
    },
    {
        "title": "The House of Bernarda Alba",
        "author": "Federico García Lorca",
        "publication_year": 1936,
        "page_count": 120,
        "country": "Spain",
        "language": "ES",
        "rental_price": 2,
        "isbn": "978-84-376-0495-4",
        "is_available": false,
        "wikipedia_url": "https://en.wikipedia.org/wiki/The_House_of_Bernarda_Alba"
    },
    {
        "title": "The Shadow of the Wind",
        "author": "Carlos Ruiz Zafón",
        "publication_year": 2001,
        "page_count": 487,
        "country": "Spain",
        "language": "ES",
        "rental_price": 1,
        "isbn": "978-0-14-303490-2",
        "is_available": true,
        "wikipedia_url": "https://en.wikipedia.org/wiki/The_Shadow_of_the_Wind"
    }
]
